experiment_type,version,experiment_name,best_threshold,val_accuracy,val_f1,val_precision,val_recall,val_roc_auc,test_accuracy,test_f1,test_precision,test_recall,test_roc_auc,test_confusion_matrix,num_users_test,num_users_val
bag_of_words,1,BOW_all_sources,0.5000000000000001,0.46731707317073173,0.40652173913043477,0.2706222865412446,0.8165938864628821,0.604737662109675,0.4600389863547758,0.4004329004329004,0.2665706051873199,0.8043478260869565,0.5994374044133712,"[[287, 509], [45, 185]]",1026,1025
bag_of_words,2,BOW_all_sources_filtered,0.5500000000000002,0.4975609756097561,0.39766081871345027,0.2715654952076677,0.74235807860262,0.5968598450769129,0.49122807017543857,0.3901869158878505,0.26677316293929715,0.7260869565217392,0.5826851649552108,"[[337, 459], [63, 167]]",1026,1025
bag_of_words,1,BOW_removed_off_topic,0.5500000000000002,0.37073170731707317,0.39663236669784846,0.2523809523809524,0.925764192139738,0.585717890763863,0.3538011695906433,0.39118457300275483,0.2479627473806752,0.9260869565217391,0.572935328818003,"[[150, 646], [17, 213]]",1026,1025
bag_of_words,2,BOW_removed_off_topic_filtered,0.6500000000000001,0.45365853658536587,0.39914163090128757,0.26458036984352773,0.8122270742358079,0.5773627965153277,0.42592592592592593,0.37671957671957673,0.24895104895104894,0.7739130434782608,0.5536814507319205,"[[259, 537], [52, 178]]",1026,1025
bert,1,BERT_all_sources,0.5500000000000002,0.6448780487804878,0.4678362573099415,0.3516483516483517,0.6986899563318777,0.6908395690241601,0.6257309941520468,0.43859649122807015,0.3303964757709251,0.6521739130434783,0.6661131745684947,"[[492, 304], [80, 150]]",1026,1025
bert,2,BERT_all_sources_filtered,0.5500000000000002,0.5668292682926829,0.4336734693877551,0.3063063063063063,0.74235807860262,0.6674859011213272,0.571150097465887,0.4387755102040816,0.3104693140794224,0.7478260869565218,0.6555877212147695,"[[414, 382], [58, 172]]",1026,1025
bert,1,BERT_removed_off_topic,0.6000000000000002,0.4995121951219512,0.42681564245810055,0.28678678678678676,0.834061135371179,0.6524050382918962,0.4853801169590643,0.4107142857142857,0.27627627627627627,0.8,0.6304675551671401,"[[314, 482], [46, 184]]",1026,1025
bert,2,BERT_removed_off_topic_filtered,0.6500000000000001,0.5317073170731708,0.4244604316546763,0.29256198347107437,0.7729257641921398,0.6478187882644664,0.5282651072124757,0.41404358353510895,0.28691275167785235,0.7434782608695653,0.6296045444614377,"[[371, 425], [59, 171]]",1026,1025
multimodal,1,zs_text_only,0.1,0.7112195121951219,0.21693121693121692,0.2751677852348993,0.17903930131004367,0.7207791139101623,0.7056530214424951,0.245,0.28823529411764703,0.21304347826086956,0.7106428883548176,"[[675, 121], [181, 49]]",1026,1025
multimodal,1,zs_with_media,0.1,0.7112195121951219,0.21693121693121692,0.2751677852348993,0.17903930131004367,0.718724627504334,0.7056530214424951,0.24875621890547264,0.29069767441860467,0.21739130434782608,0.7104052873060958,"[[674, 122], [180, 50]]",1026,1025
multimodal,1,zs_confidence_text_only,0.5000000000000001,0.5258536585365854,0.474025974025974,0.31510791366906477,0.9563318777292577,0.679170963990257,0.5380116959064327,0.48026315789473684,0.32111436950146627,0.9521739130434783,0.685257810793096,"[[333, 463], [11, 219]]",1026,1025
multimodal,1,zs_confidence_with_media,0.5000000000000001,0.5209756097560976,0.4714747039827772,0.31285714285714283,0.9563318777292577,0.676030260472669,0.5360623781676414,0.47921225382932164,0.3201754385964912,0.9521739130434783,0.6840015293860608,"[[331, 465], [11, 219]]",1026,1025